Sample,,,,,,,,,52  Cr  [ No Gas ] ,,,,52  Cr  [ He ] ,,,,60  Ni  [ No Gas ] ,,,,60  Ni  [ He ] ,,,,63  Cu  [ No Gas ] ,,,,63  Cu  [ He ] ,,,,66  Zn  [ No Gas ] ,,,,66  Zn  [ He ] ,,,,75  As  [ No Gas ] ,,,,75  As  [ He ] ,,,,111  Cd  [ No Gas ] ,,,,111  Cd  [ He ] ,,,,114  Cd  [ No Gas ] ,,,,114  Cd  [ He ] ,,,,118  Sn  [ No Gas ] ,,,,118  Sn  [ He ] ,,,,206  [Pb]  [ No Gas ] ,,,,206  [Pb]  [ He ] ,,,,207  [Pb]  [ No Gas ] ,,,,207  [Pb]  [ He ] ,,,,208  Pb  [ No Gas ] ,,,,208  Pb  [ He ] ,,,,45  Sc ( ISTD )  [ No Gas ] ,,45  Sc ( ISTD )  [ He ] ,,89  Y ( ISTD )  [ No Gas ] ,,89  Y ( ISTD )  [ He ] ,,115  In ( ISTD )  [ No Gas ] ,,115  In ( ISTD )  [ He ] ,,159  Tb ( ISTD )  [ No Gas ] ,,159  Tb ( ISTD )  [ He ] ,,209  Bi ( ISTD )  [ No Gas ] ,,209  Bi ( ISTD )  [ He ] ,
,Rjct,Data File,Acq. Date-Time,Type,Level,Sample Name,Vial Number,Total Dil.,CPS,CPS RSD,Conc. [ ppm ],Conc. RSD,CPS,CPS RSD,Conc. [ ppm ],Conc. RSD,CPS,CPS RSD,Conc. [ ppm ],Conc. RSD,CPS,CPS RSD,Conc. [ ppm ],Conc. RSD,CPS,CPS RSD,Conc. [ ppm ],Conc. RSD,CPS,CPS RSD,Conc. [ ppm ],Conc. RSD,CPS,CPS RSD,Conc. [ ppm ],Conc. RSD,CPS,CPS RSD,Conc. [ ppm ],Conc. RSD,CPS,CPS RSD,Conc. [ ppm ],Conc. RSD,CPS,CPS RSD,Conc. [ ppm ],Conc. RSD,CPS,CPS RSD,Conc. [ ppm ],Conc. RSD,CPS,CPS RSD,Conc. [ ppm ],Conc. RSD,CPS,CPS RSD,Conc. [ ppm ],Conc. RSD,CPS,CPS RSD,Conc. [ ppm ],Conc. RSD,CPS,CPS RSD,Conc. [ ppm ],Conc. RSD,CPS,CPS RSD,Conc. [ ppm ],Conc. RSD,CPS,CPS RSD,Conc. [ ppm ],Conc. RSD,CPS,CPS RSD,Conc. [ ppm ],Conc. RSD,CPS,CPS RSD,Conc. [ ppm ],Conc. RSD,CPS,CPS RSD,Conc. [ ppm ],Conc. RSD,CPS,CPS RSD,Conc. [ ppm ],Conc. RSD,CPS,CPS RSD,Conc. [ ppm ],Conc. RSD,CPS,CPS RSD,CPS,CPS RSD,CPS,CPS RSD,CPS,CPS RSD,CPS,CPS RSD,CPS,CPS RSD,CPS,CPS RSD,CPS,CPS RSD,CPS,CPS RSD,CPS,CPS RSD
,FALSE,001BLKV.d,12/4/2023 13:29,BlkVrfy,,blank 1,4301,1,32352.22667,0.972143512,,,1137.873333,5.72375968,,,847.5566667,9.021000757,,,393.74,19.25133836,,,3597.453333,3.799501196,,,1581.706667,7.299465093,,,4995.98,4.738845521,,,1985.503333,7.208517239,,,63.39666667,32.86841052,,,0,N/A,,,10.01,100,,,23.35666667,24.74358297,,,43.37666667,58.0756495,,,36.70333333,56.77270908,,,333.6766667,12.48962168,,,220.2266667,23.62078128,,,293.34,8.580742784,,,250.2633333,52.30629231,,,245.56,8.293808457,,,193.5333333,31.6051368,,,585.5733333,5.702199902,,,940.98,21.35715247,,,2402969.233,1.256128023,322174.4867,0.41701885,4403598.303,1.04263211,1569668.033,1.739838709,4358414.137,1.280772013,2078328.837,0.729040288,5318395.58,0.79625517,3602225.12,1.187932407,3117700.647,0.754545684,2237216.39,2.310566406
,FALSE,002BLKV.d,12/4/2023 13:32,BlkVrfy,,blank 2,4302,1,31335.73667,2.883719899,,,984.3733333,7.767517094,,,487.1733333,9.710181404,,,236.9133333,12.90811906,,,3550.736667,4.636232134,,,1588.38,10.66527817,,,4782.346667,3.640681015,,,1731.88,15.3268054,,,33.36666667,34.64101615,,,13.34666667,114.5643924,,,40.04,25,,,10.01,100,,,43.37666667,74.18192893,,,50.05,20,,,397.0833333,7.701419972,,,253.5933333,28.55748687,,,436.6766667,2.018889964,,,253.5966667,9.933600954,,,430.0133333,5.37053365,,,246.9233333,10.20206578,,,960.04,4.697439959,,,1167.883333,3.463953308,,,2414866.96,1.343468082,321601.9567,0.524817665,4428899.31,1.828479959,1592183.03,0.986034987,4464728.373,0.33824657,2084633.27,0.422687242,5334735.337,0.89979616,3593860.85,0.535872714,3150747.487,0.730615632,2272801.543,0.763224731
,FALSE,003BLKV.d,12/4/2023 13:34,BlkVrfy,,blank 3,4303,1,31529.68,0.968083856,,,914.2933333,8.362534269,,,634,8.978450009,,,260.27,19.98443376,,,3760.986667,3.370712873,,,1678.476667,5.142275265,,,5089.446667,2.459975791,,,1758.583333,8.621451375,,,40.04,25,,,6.673333333,86.60254038,,,13.34666667,43.30127019,,,3.336666667,173.2050808,,,60.06,33.33333333,,,36.70333333,68.6348585,,,333.6766667,14.17702199,,,196.87,33.08490794,,,342.2266667,2.812296622,,,143.48,40.88300546,,,268.8933333,19.29885632,,,183.5233333,19.15762426,,,698.9133333,7.079647246,,,747.44,20.50250223,,,2413706.197,2.034102417,322864.7133,0.892665062,4352304.623,1.016719016,1586899.903,1.185322352,4446166.01,1.01807125,2117533.357,1.704813666,5294184.47,1.279017393,3623875.57,1.031882817,3138155.267,1.057036714,2318598.003,2.092201513
,FALSE,004CALB.d,12/4/2023 13:36,CalBlk,,std blank,4301,1,30479.7,0.908534164,<0.0000000,N/A,814.1933333,8.369992956,9.34E-05,2.209031243,467.1533333,11.80143162,<0.0000000,N/A,216.89,20.81366806,<0.0000000,N/A,3380.526667,5.10736034,<0.0000000,N/A,1548.336667,4.2064102,<0.0000000,N/A,4942.583333,2.839292731,<0.0000000,N/A,1755.236667,11.32629577,<0.0000000,N/A,33.36666667,45.82575695,<0.0000000,N/A,10.01,173.2050808,<0.0000000,N/A,10.01,100,<0.0000000,N/A,0,N/A,<0.0000000,N/A,23.35666667,24.74358297,<0.0000000,N/A,0,N/A,<0.0000000,N/A,256.9333333,24.74261993,<0.0000000,N/A,163.5,47.55828014,<0.0000000,N/A,166.67,14.00157713,<0.0000000,N/A,163.5,35.87702522,<0.0000000,N/A,128.89,15.5886376,<0.0000000,N/A,136.8066667,33.79951006,<0.0000000,N/A,345.5633333,5.313992232,<0.0000000,N/A,557.2366667,17.63226914,<0.0000000,N/A,2409629.427,0.554042843,327601.5767,0.215911009,4417883.09,0.597123231,1589553.813,0.81211162,4450129.207,1.846189571,2151444.787,1.364061966,5382493.25,0.2172085,3635625.397,0.980034546,3141455.683,1.918398219,2310702.277,1.920371353
,FALSE,005CALS.d,12/4/2023 13:37,CalStd,1,0.001 ppm,4101,1,133334.57,0.121390337,<0.0000000,N/A,35208.57667,2.416417292,0.001150269,3.002306687,28844.82333,1.201999147,<0.0000000,N/A,12792.02,2.140059211,0.000443537,7.754411119,69253.56,0.110011996,0.00052377,1.995362043,33513.11,1.774291331,0.000937354,2.469647406,23907.58667,1.570662947,0.000648287,5.218921754,9005.343333,3.003905336,<0.0000000,N/A,17642.26,2.780597475,0.000942108,3.447998478,5823.83,2.409742152,<0.0000000,N/A,17906.53333,3.023597816,0.000877771,2.866616431,9997.103333,2.029885046,<0.0000000,N/A,41704.83667,0.627362911,0.000282349,0.565349665,25305.55333,0.495369204,0.000552656,2.226946539,407.09,13.98234671,<0.0000000,N/A,263.6066667,7.904760877,<0.0000000,N/A,42353.11333,0.493337123,0.000294237,9.687939258,31105.29333,1.83093657,0.000563368,2.46829616,37391.39333,1.406302665,<0.0000000,N/A,27861.37,2.895552824,0.00062295,5.849033849,90623.07333,0.716652405,0.000294308,8.823425702,126220.16,0.767009346,0.000755132,3.089979885,2422907.327,0.910759304,326174.2333,1.111268628,4379301.74,1.587310162,1613552.493,1.587168856,4392571.147,0.662946869,2135093.453,0.678349857,5338879.61,1.943252076,3650172.86,2.153610597,3161216.653,2.583044239,2295940.05,2.301445705
,FALSE,006CALS.d,12/4/2023 13:39,CalStd,2,0.0025 ppm,4102,1,278776.12,0.372034815,0.001172935,1.935668893,83417.42,1.346414131,0.002613735,2.255548109,70788.38,1.083960838,0.00128867,1.710998829,30556.87,4.125605931,0.001902757,6.32350409,181810.9367,1.973890682,0.002258279,1.683455463,84516.64333,0.87379166,0.00255035,1.231149139,64875.67,0.271822877,0.003049938,1.31025883,24422.21,1.886687147,0.0016415,3.877539237,41796.9,1.892348952,0.002413395,2.520707206,13900.95333,3.200174843,0.001324107,4.539766655,43083.79333,0.696141051,0.002345946,1.450518265,25185.02,0.956260041,0.001462713,2.073737383,100368.9433,1.113382059,0.001713568,2.431909259,60231.29,0.159473203,0.001987029,1.748855876,697.3966667,12.37579912,0.341867895,47.5757564,333.6766667,15.09921635,0.190726791,126.5629951,102868.2933,0.796041991,0.001706054,1.558789824,76765.27333,2.212526497,0.001990059,3.67515181,91510.29333,0.3597575,0.001262706,3.000075572,68548.16333,1.247611919,0.002061187,2.466102189,221866.13,0.756008699,0.001728814,1.61017981,308362.8933,0.388628344,0.002178659,1.317394884,2390668.037,0.790577136,328441.88,0.979000654,4415182.54,1.302618328,1645174.923,1.33701063,4429741.913,0.685338411,2163771.383,1.538800648,5429094.467,1.415074372,3717760.603,0.807905565,3137913.423,1.897392225,2342531.213,0.88237544
,FALSE,007CALS.d,12/4/2023 13:41,CalStd,3,0.005 ppm,4103,1,526294.23,0.682502601,0.003727702,0.735347248,170741.1267,0.479945033,0.005184937,1.827273576,139418.03,0.11955123,0.003763989,1.03944883,61623.93667,1.794155447,0.004375066,0.559063214,343395.9867,1.072633574,0.004688092,0.837290408,163933.7567,1.363984912,0.004980171,1.244331825,102921.68,1.51842074,0.005216768,1.399406837,39213.34667,1.709572595,0.003921551,1.165371297,85790.58,0.379785561,0.00502708,0.421324885,27912.49333,0.46764675,0.003812968,1.811334754,86381.33333,1.97666246,0.004854846,1.442397794,50425.69,1.45414643,0.004051609,1.240008848,203592.7033,1.317419246,0.004216638,1.029942452,121440.71,1.197073977,0.004536967,2.848563369,567.26,21.05454536,0.095301488,222.7053331,300.31,8.818877368,0.045917989,274.6682445,206853.3567,0.819550681,0.004086245,1.7138503,155624.5633,0.886090646,0.004497394,0.362765109,184104.78,1.889938453,0.003669333,2.83406794,137874.92,0.766772614,0.004555809,0.432689554,444558.3,0.765181099,0.004116959,1.935022319,621287.33,0.635189553,0.004668987,0.089084024,2409197.67,0.654766563,334435.0133,1.364037937,4396995.177,2.570811738,1644474.263,0.976242709,4456433.337,0.588003002,2159025.67,1.496133599,5394385.403,1.109708939,3705915.88,1.706203854,3160039.363,0.923100299,2337936.997,0.555840072
,FALSE,008CALS.d,12/4/2023 13:42,CalStd,4,0.01 ppm,4104,1,1025943.72,0.523138092,0.008888788,1.457388894,338815.0067,1.44715474,0.010272572,1.263269908,278863.18,0.637127874,0.008794644,2.113993512,124248.29,1.287807153,0.009504083,1.452119702,680579.1367,0.758060804,0.009762462,1.136918195,325837.21,0.41653034,0.010084373,0.484943543,187433.9167,0.230952287,0.010053518,1.715653646,72402.40667,0.317752853,0.008962885,2.409588824,171456.5167,1.241535673,0.010114077,1.129919186,56536.01667,1.104819632,0.009041745,0.970773482,172645.74,0.501399672,0.009756389,1.360243446,101487.9667,2.361465845,0.009115635,2.122555502,407124.66,0.889620311,0.009054419,0.277833873,246519.0733,1.106028739,0.009574438,1.148245163,407.09,7.905709127,<0.0000000,N/A,293.6333333,30.74594891,<0.0000000,N/A,416880.7567,0.520062889,0.008896401,0.793038167,311638.5933,0.421560557,0.009384076,2.146963112,367480.4133,0.302043567,0.008438235,0.638373936,276719.5167,0.583171027,0.0094765,1.476362722,885548.1467,0.384818741,0.008848213,0.153120642,1250664.58,0.665771382,0.009602022,1.443314972,2418950.833,1.731820345,332700.76,0.335619478,4513982.537,1.790441923,1655581.033,1.721465828,4514387.71,1.01464728,2193069.727,0.469996054,5399724.5,0.388740469,3744513.033,0.901804729,3170203.667,0.517188783,2354102.257,1.995929014
,FALSE,009CALS.d,12/4/2023 13:44,CalStd,5,0.05 ppm,4105,1,5169837,0.949124529,0.051477283,1.49051863,1741389.23,0.753918068,0.052402029,0.193393549,1478106.207,2.109442518,0.051830246,2.181223221,646432.3267,0.990252351,0.051938434,0.425641217,3549648.197,0.549109747,0.052719844,0.773798714,1659446.34,0.907561703,0.051801525,1.483605434,941369.2667,0.345512804,0.053006849,1.147669654,361362.7233,0.59615423,0.053417447,1.626056317,892485.04,0.405412325,0.052712432,0.666126801,293784.3267,1.266011393,0.052053329,0.756798312,905112.3633,0.728481241,0.052624656,1.637729184,534007.4,0.764445923,0.052626486,1.561432887,2182601.433,1.06290112,0.052522784,0.762766929,1291691.843,0.757489786,0.052263568,1.400025079,647.3433333,31.85465527,0.244043344,157.4364502,313.6566667,4.874925099,0.080307121,71.65643955,2353081.893,0.441658565,0.052413091,1.477530019,1646469.993,0.826507329,0.051368722,2.845105372,2078622.243,1.718661725,0.052114172,2.613403446,1445171.173,0.21806683,0.051065636,2.645530473,5040789.89,0.966112313,0.05260771,2.195747976,6658866.597,0.376747579,0.052171255,2.382408319,2436602.813,0.812612524,333414.25,0.576895495,4441578.617,0.966871823,1648926.033,2.154597407,4454368.89,1.727186485,2196120.717,1.07242287,5335674.123,0.665302502,3747225.293,1.694290965,3228477.207,1.223329032,2359325.037,2.719323518
,FALSE,010CALS.d,12/4/2023 13:46,CalStd,6,0.1 ppm,4106,1,9921899.05,1.62836238,0.101281703,1.388573688,3348834.027,0.31231578,0.101483116,0.747059934,2852396.643,1.773287516,0.102119192,1.779233707,1250929.91,0.324566528,0.101869689,0.833760874,6749884.073,0.606215917,0.101592779,0.331661467,3210662.71,0.841131192,0.101112403,0.358876272,1796973.837,0.587202885,0.10272492,0.593272317,681553.6967,0.75826259,0.102838672,0.278393491,1725567.813,0.506794652,0.102899795,0.745213646,567095.78,0.907671653,0.102417909,0.801204461,1745179.95,1.093116239,0.101835556,1.230540586,1030523.183,0.368479683,0.102795401,1.463403429,4177469.667,0.53060061,0.101421756,0.628914449,2516279.497,0.789107378,0.102498749,1.337856415,500.5233333,20.78421753,<0.0000000,N/A,300.31,12.01810405,0.025132566,601.0336617,4583647.883,0.65370212,0.103746985,1.492617165,3272043.463,1.594128244,0.103273241,1.696357665,4038493.967,0.849609469,0.103334162,1.685241796,2904315.88,1.513794939,0.103780443,1.559913597,9658588.12,1.378237442,0.102415019,2.16203037,12885261.87,1.225267577,0.101947903,1.179970565,2415744.597,0.93353709,330885.3433,0.667236646,4358693.683,0.01979432,1645228.97,0.673553467,4444940.213,0.136969126,2191804.75,1.166541458,5399847.8,0.368060824,3744484.63,1.7735888,3197395.853,0.996886384,2341206.787,1.071998051
,FALSE,011CALS.d,12/4/2023 13:47,CalStd,7,0.5 ppm,4107,1,47663779.19,0.185175073,0.505006711,0.519939491,15801434.31,0.654573264,0.491331681,1.089499699,13571391.54,1.098570596,0.50249242,1.307565761,5921898.513,0.64306494,0.497480382,1.092086553,31959188.48,1.757183972,0.494490057,2.047433926,15258296.61,0.582882278,0.493846054,0.628697911,8371233.23,0.892871143,0.492672899,1.229125348,3212557.157,0.286774716,0.49771661,1.792385019,8151428.433,0.383160503,0.498072169,0.78846164,2674689.1,1.583798535,0.500660536,1.688380291,8276932.997,0.320064911,0.493031909,1.650810021,4912853.15,0.308968573,0.497833165,1.285438485,20048665.04,0.704880052,0.49908149,1.443525797,12015468.59,1.596896814,0.494882688,0.110237519,664.0233333,13.67919506,0.298055386,50.99680123,373.72,17.42862525,0.353630815,77.82073945,21929935.92,1.685358851,0.495668087,1.470611005,15864117.52,0.437278204,0.495617032,0.506152411,19517694.85,1.038260296,0.500530534,1.613005031,13992376.47,1.173316976,0.494719744,0.941352693,46994193.19,1.124631195,0.497684598,1.770730459,63281224.62,0.171418724,0.494945425,0.142707921,2359547.067,0.406967529,322305.4733,0.452449378,4363049.1,0.203994647,1628711.227,1.487341738,4361335.873,1.9316714,2176055.653,1.496081566,5327480.51,1.680486963,3734166.82,1.493940446,3218807.04,2.467720458,2373161.197,0.232395005
,FALSE,012CALS.d,12/4/2023 13:49,CalStd,8,1.0 ppm,4201,1,93001378.1,0.8393708,0.997316773,0.828763473,31217151.26,0.773718526,1.004061661,1.419299871,26653707.56,0.600517065,0.998472882,1.437094452,11512134.23,1.191280806,1.000986052,0.690603259,64087370.11,0.667540847,1.002464717,1.403353656,29958949.35,0.9358059,1.003187771,0.960692436,16831315.52,0.525640175,1.001656856,1.316522358,6290650.95,1.215522987,1.00070657,1.255052751,16135571.25,0.425384613,0.996318944,1.206627059,5154389.05,1.369001388,0.999344888,1.980444221,16867990.31,0.342235646,1.003172926,1.581658569,9639528.357,0.681091746,1.000689807,1.546401888,40225727.64,1.643662936,1.000206997,0.644710275,23763308.72,0.898417344,1.002203903,1.515692718,1097.833333,11.86685141,1.104675238,20.99035775,527.2133333,3.952380438,1.078714159,12.96281602,44403999.9,1.189389495,1.001688899,0.834130088,31677777.08,0.700472786,1.001806107,1.519501237,39027545.25,0.95794804,0.999322144,0.976336146,28005634.65,0.977966022,1.002217732,0.377898893,94690836.37,0.708620506,1.000804381,0.799673389,126612528.5,0.408361896,1.002230618,1.022971924,2335284.443,0.843956651,311605.3233,1.860897089,4366754.03,1.402738899,1589336.973,0.204600823,4369068.547,1.90238147,2126684.7,2.167523046,5412507.973,1.624417575,3688817.443,0.737257393,3226658.77,0.481111805,2345716.7,1.354355029
,FALSE,013BLKV.d,12/4/2023 13:50,BlkVrfy,,blank 4,4301,1,32663.39333,3.726452342,<0.0000000,N/A,2939.956667,4.598911523,0.000162376,2.425248064,2249.133333,1.563000475,<0.0000000,N/A,764.1366667,8.524538614,<0.0000000,N/A,7362.763333,4.755454071,<0.0000000,N/A,3694.246667,7.747001514,<0.0000000,N/A,6427.986667,4.342902489,<0.0000000,N/A,2335.903333,6.156809531,<0.0000000,N/A,1321.41,11.1603377,<0.0000000,N/A,393.74,24.69344367,<0.0000000,N/A,1164.573333,3.579316221,<0.0000000,N/A,617.3133333,10.29817999,<0.0000000,N/A,2432.706667,7.936876513,<0.0000000,N/A,1434.873333,2.450003002,<0.0000000,N/A,373.7166667,10.14063641,<0.0000000,N/A,233.5766667,4.948504726,<0.0000000,N/A,5933.613333,3.792825304,<0.0000000,N/A,3961.313333,6.764920242,<0.0000000,N/A,5142.166667,2.907408044,<0.0000000,N/A,3390.576667,1.730175287,<0.0000000,N/A,12381.50667,1.355162796,<0.0000000,N/A,15926.83333,3.977189041,<0.0000000,N/A,2311078.42,2.617928483,313636.47,0.412220262,4288158.653,0.558901562,1590035.997,1.143364961,4372626.187,1.335427581,2137915.69,0.192978937,5348011.967,0.434399194,3730932.93,0.969277363,3201148.357,1.848940864,2361228.783,0.857817976
,FALSE,014BLKV.d,12/4/2023 13:52,BlkVrfy,,blank 5,4302,1,28162.74333,1.778491219,<0.0000000,N/A,1431.536667,3.048675217,0.000114099,0.91308838,664.0233333,11.51436847,<0.0000000,N/A,286.9633333,26.18125098,<0.0000000,N/A,4118.13,7.842408782,<0.0000000,N/A,2035.556667,12.37806263,<0.0000000,N/A,4949.233333,5.868435414,<0.0000000,N/A,1898.723333,3.221740052,<0.0000000,N/A,320.33,11.26699599,<0.0000000,N/A,90.09,58.79447358,<0.0000000,N/A,190.2,10.52576236,<0.0000000,N/A,103.4366667,45.73369961,<0.0000000,N/A,557.2466667,12.99601903,<0.0000000,N/A,283.63,21.27494111,<0.0000000,N/A,250.26,27.71170556,<0.0000000,N/A,123.4566667,23.40609199,<0.0000000,N/A,1991.28,1.267962871,<0.0000000,N/A,1431.546667,7.564542713,<0.0000000,N/A,1833.476667,3.216846454,<0.0000000,N/A,1197.943333,11.22253942,<0.0000000,N/A,4070.666667,4.237261454,<0.0000000,N/A,5556.153333,2.300799345,<0.0000000,N/A,2316606.163,1.190944311,314263.8067,0.786577573,4316086.22,1.028066674,1573665.29,1.574634367,4388340.63,0.81327516,2130748.233,0.672501863,5369169.26,0.620848836,3674914.91,0.653882181,3240417.903,1.262642982,2359927.08,0.821948897
,FALSE,015BLKV.d,12/4/2023 13:55,BlkVrfy,,blank 6,4303,1,27848.56667,1.656945034,<0.0000000,N/A,991.0433333,18.18235328,9.98E-05,5.332069738,487.1766667,10.34283114,<0.0000000,N/A,253.5966667,4.557848706,<0.0000000,N/A,3483.976667,2.633883868,<0.0000000,N/A,1648.443333,11.23685677,<0.0000000,N/A,4965.93,9.308482699,<0.0000000,N/A,1975.49,9.961156591,<0.0000000,N/A,160.1633333,33.07356307,<0.0000000,N/A,56.72333333,26.95632762,<0.0000000,N/A,63.39666667,24.11881945,<0.0000000,N/A,63.39666667,50.75605664,<0.0000000,N/A,173.51,12.00615078,<0.0000000,N/A,146.8133333,10.41494476,<0.0000000,N/A,246.9233333,13.03143271,<0.0000000,N/A,116.7833333,26.18614683,<0.0000000,N/A,1206.73,6.058890273,<0.0000000,N/A,914.3033333,15.95463661,<0.0000000,N/A,1090.053333,5.969805252,<0.0000000,N/A,720.76,9.621970467,<0.0000000,N/A,2538.043333,3.549868946,<0.0000000,N/A,3270.17,5.251828012,<0.0000000,N/A,2356015.227,2.103943011,316870.2667,1.561073613,4345643.787,1.732736461,1611199.437,1.116484511,4405548.197,0.11610989,2162002.41,2.027826141,5437771.69,1.084317672,3724152.34,1.181430621,3221676.55,2.794207221,2381368.89,0.276766114
,FALSE,016SMPL.d,12/4/2023 13:57,Sample,,CWW-TM-G_1:5,1101,1,527316.6933,0.860477271,0.003762951,1.951640698,169364.3467,1.253029526,0.005402069,1.392018473,1361937.97,0.825796409,0.048433247,1.578006061,602307.8933,0.506612433,0.050695517,0.363924192,333607.8833,0.479506886,0.004562289,1.051212654,159840.9833,1.893688904,0.005106915,1.916824958,95016.19667,0.704132201,0.004785164,1.52171611,36426.72,1.476091686,0.003579523,2.659427992,845315.4,0.61936374,0.050713511,0.587493644,276014.39,1.252072449,0.051227469,1.200955412,876216.6267,0.97183679,0.05123526,0.778630769,511871.3167,1.351537384,0.051803582,1.301302157,2123237.277,1.226188652,0.051378646,0.979788706,1246821.517,0.564848807,0.051820487,0.55866547,430.4466667,12.30666069,<0.0000000,N/A,143.48,21.31685233,<0.0000000,N/A,217227,1.111205274,0.004211397,1.711865544,162490.1267,0.674174658,0.004636441,0.707807053,191875.77,1.329120637,0.003758396,1.904500196,144282.0967,1.245427495,0.004706624,1.248674249,467371.1067,0.666262529,0.004248239,1.039371653,655638,0.32127733,0.004862162,0.244667743,2398566.853,0.787118766,318190.46,0.77866236,4345512.123,1.193126014,1619399.803,0.197006455,4427944.693,0.645241779,2137638.313,0.714834815,5449322.49,0.872520587,3725963.66,1.693375799,3233511.997,0.425888612,2374270.33,0.14588434
,FALSE,017SMPL.d,12/4/2023 13:59,Sample,,CWW-TM-F,1102,1,94808707.87,0.529729911,1.011497237,0.79257455,31702385.44,0.197115883,1.016628121,0.450147093,26827541.8,0.594219339,0.999757951,0.729745976,11850605.29,0.673701541,1.027449846,0.917804538,64792030.58,0.812796459,1.008202466,0.473196204,30690542.8,0.485972344,1.024667136,0.509916829,16751024.81,0.822439693,0.991672596,0.485016766,6375692.55,0.492010456,0.998853392,1.668749147,83283.5,1.165695438,0.005008115,0.122072421,27668.29333,1.942167223,0.004120056,3.229037143,86623.61667,0.792865602,0.004930419,1.119563623,50646.79667,1.735871818,0.004063435,3.467399179,204503.1033,1.320787359,0.004299139,1.10375089,123914.67,1.61465843,0.004626881,0.721201073,2853.21,9.021999432,4.334509101,10.75248871,1598.393333,3.449137332,5.734009243,6.37789038,45673175.43,2.078969834,1.02299465,1.983229767,32751102.66,1.140190239,1.012642047,0.473340331,39874899.41,1.002851827,1.013769973,1.276524221,28964888.24,0.818396769,1.01356051,1.050397791,97139790.77,1.17209883,1.019368875,1.156873109,131365890,0.580940287,1.01673942,0.868483811,2347451.143,1.28469518,312490.7533,0.538982103,4311096.74,1.409139025,1614024.3,1.292367261,4403207.157,0.410871899,2164122.487,2.22100453,5321591.413,0.631733683,3765110.81,1.807714952,3249898.873,0.835081655,2398932.967,0.840896474
,FALSE,018SMPL.d,12/4/2023 14:01,Sample,,CWW-TM-G,1103,1,2487278.987,2.328416766,0.025151839,1.887523312,813225.9,0.472767656,0.02626423,0.712991761,6649877.09,0.881549878,0.249867375,1.276053315,2945114.75,1.209118373,0.256052747,1.76927893,1622312.97,1.272741763,0.025047994,2.331150275,756000.4767,0.548172545,0.025225213,1.186652518,435633.38,1.189051491,0.025402291,2.109166982,166047.3833,0.550209506,0.024007102,2.128442034,4071310.8,1.05949278,0.253068319,1.618560047,1319600.62,0.168757814,0.255325388,0.49447915,4292817.56,0.535669781,0.253488237,0.224670104,2503487.15,1.181899118,0.257711747,0.688619181,10112255.65,1.324325398,0.249269579,1.529925689,6055909.393,0.835731841,0.253709429,1.205338474,684.0533333,14.80478601,0.326766854,58.9423559,340.35,5.094117404,0.236956094,40.9834746,1061375.967,0.130806637,0.023440812,2.712613141,807433.7,0.234067293,0.024524416,1.783280496,933956.3567,0.511255255,0.022953341,2.422553002,708375.2967,0.328441438,0.02438935,1.385636281,2470025.867,2.095295957,0.025609935,1.812086923,3262975.047,0.945278013,0.02498182,1.166736674,2319104.633,1.034307433,311072.5033,0.638621194,4300615.77,1.025148517,1610533.17,1.426916173,4397096.463,0.404699321,2137412.71,1.291571945,5397457.977,1.142440548,3762626.227,0.895956418,3206382.87,2.752282072,2400364.407,1.695444906
,FALSE,019BLKV.d,12/4/2023 14:03,BlkVrfy,,blank 7,4301,1,26758.65,3.887804153,<0.0000000,N/A,1761.9,6.982442628,0.000125671,3.419593448,1935.443333,7.023424346,<0.0000000,N/A,880.9333333,13.39845167,<0.0000000,N/A,5036.023333,6.249674724,<0.0000000,N/A,2439.356667,10.25588428,<0.0000000,N/A,5660.223333,3.977402072,<0.0000000,N/A,2038.896667,3.685366042,<0.0000000,N/A,874.2533333,11.58390004,<0.0000000,N/A,313.6566667,19.23677106,<0.0000000,N/A,767.47,13.19489566,<0.0000000,N/A,413.7633333,22.4795309,<0.0000000,N/A,1778.6,0.860001301,<0.0000000,N/A,1227.976667,4.489956901,<0.0000000,N/A,343.6866667,8.407768987,<0.0000000,N/A,240.25,15.022505,<0.0000000,N/A,3373.8,1.435664383,<0.0000000,N/A,2412.693333,0.415303575,<0.0000000,N/A,3037.043333,1.79717659,<0.0000000,N/A,2055.59,9.206699175,<0.0000000,N/A,7396.583333,0.728962642,<0.0000000,N/A,9621.233333,3.704206682,<0.0000000,N/A,2316747.727,0.753857176,308673.36,0.577389227,4277109.587,2.303960283,1623678.363,2.294809301,4423032.19,0.34113686,2144207.427,0.761234907,5409369.087,0.541947643,3726210.257,2.041409769,3227983.18,1.540397359,2430007.43,1.736436386
,FALSE,020BLKV.d,12/4/2023 14:05,BlkVrfy,,blank 8,4302,1,26451.15,1.862598103,<0.0000000,N/A,1374.8,7.294152312,0.000112701,2.934001188,1094.493333,6.488974967,<0.0000000,N/A,420.4366667,0.001373217,<0.0000000,N/A,4298.363333,4.666639703,<0.0000000,N/A,2058.916667,7.994658903,<0.0000000,N/A,5162.86,1.429549921,<0.0000000,N/A,1948.79,0.592818273,<0.0000000,N/A,387.0733333,36.33053812,<0.0000000,N/A,113.45,18.37063047,<0.0000000,N/A,340.35,11.76436022,<0.0000000,N/A,190.1966667,26.31749597,<0.0000000,N/A,860.91,6.97633899,<0.0000000,N/A,477.1633333,8.733896844,<0.0000000,N/A,276.9533333,27.3672448,<0.0000000,N/A,160.1633333,25.00260158,<0.0000000,N/A,2143.526667,4.434697818,<0.0000000,N/A,1481.6,17.91594436,<0.0000000,N/A,1873.48,0.9245099,<0.0000000,N/A,1348.12,7.512370015,<0.0000000,N/A,4653.076667,3.117361154,<0.0000000,N/A,6120.18,4.853639803,<0.0000000,N/A,2289873.37,1.246850463,311404.48,0.290668586,4290999.277,0.535044355,1586829.403,2.17660078,4349483.2,0.92703961,2160435.497,2.807288975,5313596.967,0.500081868,3741440.5,1.959516186,3193286.063,1.492509998,2379296.803,1.590981049
,FALSE,021BLKV.d,12/4/2023 14:07,BlkVrfy,,blank 9,4303,1,26227.13333,1.210030617,<0.0000000,N/A,1328.086667,8.06030811,0.000111322,2.861576523,887.6,9.185466694,<0.0000000,N/A,393.7366667,3.883440092,<0.0000000,N/A,4114.79,6.452131511,<0.0000000,N/A,1978.82,3.864098242,<0.0000000,N/A,5139.52,6.037960235,<0.0000000,N/A,2002.186667,4.093149145,<0.0000000,N/A,303.6466667,10.59706941,<0.0000000,N/A,150.1533333,17.64046794,<0.0000000,N/A,293.6366667,1.968172524,<0.0000000,N/A,150.1533333,26.66940468,<0.0000000,N/A,710.7466667,33.89184748,<0.0000000,N/A,467.15,10.57131569,<0.0000000,N/A,226.9033333,6.738784902,<0.0000000,N/A,123.46,18.72904445,<0.0000000,N/A,1670.123333,3.410761676,<0.0000000,N/A,1294.72,8.340528875,<0.0000000,N/A,1448.98,3.967336244,<0.0000000,N/A,1147.893333,7.865291741,<0.0000000,N/A,3386.016667,2.162522699,<0.0000000,N/A,5145.656667,2.632074832,<0.0000000,N/A,2324349.27,0.753320976,310383.39,0.731254522,4312282.367,0.689398453,1603554.903,0.922528212,4397013.477,1.915368718,2148690.317,1.004855266,5399079.64,0.196642143,3713293.907,1.197623084,3208884.5,1.580548531,2380298.903,0.968180164
,FALSE,022SMPL.d,12/4/2023 15:16,Sample,,11172023_DB1,1104,1,389207.4367,3.699278839,0.00492089,1.495720999,641760.2733,0.916350774,0.027867881,0.445744991,14555.50333,0.497789899,<0.0000000,N/A,6711.793333,2.772354375,0.000166637,10.42853696,65713.52333,3.169427491,0.001120751,1.778356282,33861.09,1.015763088,0.00139257,0.046775571,62938.54667,1.074472738,0.005263797,4.673727687,27420.73333,1.597526962,0.003549284,3.358824885,742618.0233,1.460010238,0.07312056,2.090445383,6251.083333,1.757647913,0.00039909,5.936746554,1011.07,10.0494192,<0.0000000,N/A,413.7633333,6.985189877,<0.0000000,N/A,3587.46,12.99057469,<0.0000000,N/A,1424.856667,8.840632285,<0.0000000,N/A,48645.33667,5.547692322,105.0766596,5.035059072,21471.89333,0.713495528,119.4997784,1.271859319,33233.62,1.288740656,0.000145573,7.955854826,21382.59333,3.243657065,0.000401553,2.75658146,28847.57333,1.618149,<0.0000000,N/A,19160.23333,2.008715355,0.000459254,2.256137252,71005.07333,2.379474554,0.000144287,20.32109004,86614.23333,1.845033434,0.000589345,2.82633651,1463037.237,3.391517315,231320.0767,0.983902306,3507498.767,0.221104849,1225589.383,0.536750102,3734878.903,1.223498856,1685827.923,1.138811772,4769158.783,3.047419189,3139125.543,2.084540296,2924916.343,1.688397473,1880818.493,3.090694624
,FALSE,023SMPL.d,12/4/2023 15:18,Sample,,11172023_DB2,1105,1,249359.6067,1.551113947,0.003028137,2.117522803,530806.42,1.560571813,0.025022864,0.208535847,9770.003333,1.589885643,<0.0000000,N/A,4852.446667,1.655638448,<0.0000000,N/A,38069.23667,4.780912235,0.000542192,8.121424895,21822.07333,2.714362765,0.00093336,1.313889118,61872.85,0.6082578,0.00585175,0.661137911,26086.93,3.248352378,0.003464697,3.564127188,667726.61,1.658705187,0.073475935,1.210208783,5666.916667,3.126449078,0.00037278,12.20131146,390.4033333,28.55304276,<0.0000000,N/A,266.9433333,15.61191013,<0.0000000,N/A,1728.54,5.83037452,<0.0000000,N/A,1024.42,9.027825795,<0.0000000,N/A,33050.14,4.497162206,71.76240272,4.854053669,17064.68667,0.871485238,96.95739845,2.632766568,24219.24667,0.917870169,<0.0000000,N/A,17071.97,2.747945078,0.000216079,9.203756274,21251.85,1.050378686,<0.0000000,N/A,15301.26333,1.529453782,0.000271157,4.710175247,52011.54,3.246673929,<0.0000000,N/A,69597.42333,2.730369917,0.000405301,4.343757399,1308506.277,0.688947092,213139.4933,1.620499896,3526418.977,2.288424432,1183371.69,1.029703417,3701339.563,1.190423448,1647678.527,1.98150374,4916880.69,1.920645523,3160690.613,2.560038352,3071220.507,2.926922732,1924877.023,0.42006875
,FALSE,024SMPL.d,12/4/2023 15:20,Sample,,11172023_DB3,1106,1,255169.8067,0.907125407,0.003082512,2.910025214,501417.9,0.850599817,0.022943837,0.960900238,11523.04667,2.696999638,<0.0000000,N/A,6341.203333,4.024381082,0.000163165,26.429705,42064.55333,4.435328766,0.000639904,6.544139226,24676.42333,0.893808662,0.00103747,0.868831207,98527.38333,1.579177865,0.009625166,2.430736529,41351.71,2.018451578,0.006354165,2.750034183,634471.0833,0.888201091,0.068992161,0.955763746,5383.176667,1.265765176,0.000247097,9.966627146,2202.42,3.883515857,<0.0000000,N/A,1294.723333,9.971613596,<0.0000000,N/A,6441.42,4.742489924,<0.0000000,N/A,3597.473333,3.839625692,<0.0000000,N/A,27411.84333,1.238482663,58.79166415,0.894737195,14302.01333,1.399707783,77.72137796,1.869026965,27581.45333,0.902680796,<0.0000000,N/A,18792.71667,2.001338387,0.000263751,0.925667879,24209.24667,1.031084468,<0.0000000,N/A,16430.44333,2.447996026,0.000302139,7.318823524,58412.92667,1.352774922,<0.0000000,N/A,73812.66,1.348721554,0.000427738,1.544109124,1324099.487,0.976468846,219656.9533,1.641128807,3575069.67,1.723841604,1236455.56,1.228885214,3736501.163,2.106583421,1716951.41,2.025991686,5107799.127,1.087364674,3277449.43,1.107484181,3166146.343,0.851773394,1975618.79,1.748748025
,FALSE,025SMPL.d,12/4/2023 15:23,Sample,,11172023_DBS_0.5_1,1107,40,717032.18,0.539841673,0.243781269,1.029107136,263390.4633,0.480090392,0.337621096,0.22367254,187075.1167,0.558955287,0.233729149,0.694802452,86133.58667,1.122950439,0.271488918,1.309926045,448033.5833,0.27967576,0.264878883,0.718526333,224433.13,1.029132517,0.291764549,1.314280767,159917.9033,0.284585247,0.359109631,0.972725584,61483.91667,0.477879126,0.303727509,0.484505992,198614.21,1.713149278,0.495454621,1.859306744,37029.13333,2.599646141,0.234741455,2.849809379,125496.0667,1.15660317,0.264360636,1.018818255,69828.9,1.515334734,0.236310453,2.138091004,296093.0833,0.617916098,0.238147657,1.442197181,169751.14,1.327335744,0.256622038,1.91533278,2362.62,5.155081649,122.6630046,7.881069152,1054.45,8.562754475,130.9684334,12.54494718,364434.4733,1.017038319,0.255243509,1.983664815,243787.7,0.346434516,0.271342421,1.28479821,320535.2233,0.662985638,0.236164195,0.44899134,217320.9767,1.273178581,0.275692172,1.239926991,782980.65,0.427417001,0.25699204,0.45174127,982314.1767,0.301081898,0.280805409,0.944231203,2292386.023,0.93312121,315237.5533,0.340271189,4663895.137,1.797768646,1603851.66,0.848541564,4802187.43,0.977898975,2198964.987,0.53063905,6253091.783,1.241910879,3932681.367,1.704452611,3758584.04,0.815113926,2503875.083,1.064974276
,FALSE,026SMPL.d,12/4/2023 15:25,Sample,,11172023_DBS_0.5_2,1108,40,686498.2467,0.269300739,0.239565774,0.84712995,249840.97,0.689855709,0.32164517,0.910340338,174459.5933,0.755061434,0.222575002,1.489664586,80583.18333,0.424216363,0.253485208,0.821678148,428987.1533,0.455702479,0.261069756,1.22761827,214440.94,0.643751835,0.279645256,0.887421809,118356.0833,2.197154384,0.267000738,2.694973922,47018.21667,1.805285205,0.208546751,4.135353361,189041.8833,0.247893737,0.485865921,1.16734451,35935.24,1.971528137,0.22742654,1.922525238,119790.1633,1.249380096,0.257554096,1.137069657,67615.72333,1.177187345,0.231388343,3.33437399,281386.2633,0.294046682,0.230265256,0.084506273,164658.8467,1.928220279,0.252162736,1.538642281,1568.353333,8.80597048,71.02046966,13.45621902,774.1466667,8.413022734,84.69935539,16.9526569,329870.78,0.500011323,0.231949286,0.976975273,224126.4933,0.732312619,0.254411638,4.135175438,290418.2433,1.15875185,0.213194881,2.514430068,197592.7,0.212242941,0.255560326,3.321553915,699190.4667,0.331243138,0.230067312,1.558510165,900917.03,1.120117808,0.262976928,2.267356803,2224644.6,0.922284371,314017.7933,1.101376668,4570891.323,1.383869985,1625154.75,2.78835585,4701532.223,0.240828457,2168268.047,2.93828268,6071191.923,0.875718764,3896815.43,3.219658448,3707752.34,1.33356084,2447027.397,3.269019628
,FALSE,027SMPL.d,12/4/2023 15:27,Sample,,11172023_DBS_0.5_3,1109,40,654598.7967,0.450978311,0.221242091,2.592253529,235695.03,1.252412663,0.303739307,1.237932828,162943.2267,0.784993593,0.201019351,2.838233161,74930.34667,0.840624036,0.234089791,0.586357168,399461.6167,0.53248996,0.238167196,2.283895864,200775.9967,1.072353947,0.261622733,1.433504897,112889.2033,1.644802757,0.249584562,3.339293816,43386.22333,1.662897269,0.185656453,2.479850562,177640.17,0.211608545,0.450135606,1.679378233,33827.84333,1.451716828,0.211327196,1.17553486,111709.3733,1.578330027,0.239780914,2.3467949,63639.68333,1.404596622,0.214433401,3.219522351,264719.9967,0.794270926,0.214930631,1.779801578,153739.0033,1.114274178,0.233374939,0.241544296,1251.336667,7.110377758,49.05394524,11.06312206,637.33,8.060636057,60.21831733,13.96693468,305455.0667,0.908697692,0.218437819,1.686142887,211803.04,0.489648978,0.236986997,2.488821433,271659.7733,0.845457323,0.202165466,1.750126398,188574.0967,0.870557736,0.240705023,1.794726413,656271.5033,0.374309014,0.219967413,1.412817414,849915.52,0.78051711,0.245095881,2.189023312,2255057.797,1.572771663,313846.8633,0.501413014,4524233.057,2.237133419,1625938.57,1.390873413,4700407.707,0.913179837,2173878.65,1.333860291,5959649.01,0.341686367,3897716.363,0.412554601,3622254.947,1.45193235,2469325.883,1.837852169
,FALSE,028SMPL.d,12/4/2023 15:29,Sample,,11172023_DBS_1.0_1,1110,40,1112884.21,1.000117864,0.427281658,0.787490151,389033.3333,0.185335695,0.502052155,1.00609916,290837.91,0.324505006,0.401690086,1.765568239,133288.2867,1.542625956,0.438071204,2.608882673,715236.4367,0.703855678,0.444902042,2.085157315,356164.5767,0.436982515,0.470624371,0.671238815,198707.88,0.914396736,0.463358867,1.043686065,77151.98,1.254378273,0.397272645,0.730362773,252229.76,0.732267926,0.643698573,1.036089564,59607.92667,0.753238192,0.412371066,1.845874783,199369.12,1.096609381,0.437935584,0.300459973,113273.4167,0.763605117,0.425442453,1.988537481,471399.3133,1.006248366,0.410429916,0.601007881,274151.0567,0.668850232,0.441222393,1.023073031,984.3733333,20.47449606,31.19702024,43.92700863,523.88,20.43199749,42.36310604,46.64602677,533966.85,0.790480134,0.394601402,1.364081706,367512.9967,0.203547824,0.420271772,2.695614029,473156.4733,0.298133075,0.378553237,1.951961775,326755.1567,0.817412722,0.42482882,3.312302518,1149389.09,0.993631894,0.39808355,1.257757029,1486517.303,0.066752326,0.43266761,2.423175381,2245375.4,1.661828476,312301.34,1.007968331,4495531.67,0.892242672,1622066.75,1.627534247,4654554.897,1.392269059,2131289.75,1.083001127,5958918.8,0.822501745,3871257.827,1.02771161,3688086.053,1.689993748,2491870.12,2.405835243
,FALSE,029SMPL.d,12/4/2023 15:31,Sample,,11172023_DBS_1.0_2,1111,40,1076161.133,1.39747536,0.407823706,1.168679972,384822.5633,0.282860235,0.495170413,1.025041316,279754.5433,1.382482046,0.381601454,1.579879715,131766.3033,1.064824248,0.43135655,0.957596858,814130.32,0.234283011,0.505891075,0.46736711,407755.84,0.594316981,0.537955516,1.053665765,4381713.12,0.956331136,10.75844264,0.570882972,1704435.87,0.204048664,10.51581242,1.151072416,243304.5267,0.947202617,0.616792397,0.356720868,58371.87,2.814866157,0.401382704,2.759835403,192423.15,0.08678793,0.422138985,0.938836535,111137.06,0.47738059,0.411847065,2.026068873,457246.5967,0.825612623,0.396900066,0.645779938,268433.63,1.497447115,0.426904435,0.184770374,1441.546667,5.511967332,63.14742478,7.41120636,737.4366667,12.16704591,78.80568308,17.74029699,519841.7467,0.758740319,0.392550804,0.866685013,353336.7,0.548585466,0.417306656,1.514900763,455041.3367,1.838552168,0.37128928,0.951446453,316229.3133,1.213214035,0.424706788,2.040967104,1103033.907,0.500452794,0.390000761,1.165160003,1433158.567,1.053349109,0.430897139,1.49310697,2259474.36,0.646457601,313235.8267,0.889406152,4536986.493,0.953806755,1629616.87,0.942828416,4657789.897,0.907618268,2153542.417,1.611777017,5960199.01,0.516986219,3848753.867,0.781489911,3607728.623,1.006088305,2411289.86,0.900645155
,FALSE,030SMPL.d,12/4/2023 15:33,Sample,,11172023_DBS_1.0_3,1112,40,1213708.22,1.207134947,0.470045726,0.812099915,428176.5533,0.547011266,0.551304656,0.885160044,320815.76,1.086227812,0.446340421,1.69036947,147075.8867,0.917643967,0.484988603,1.230412915,785816.59,0.425834378,0.488667824,1.33958224,389207.7167,0.199753279,0.513884574,1.289740855,234365.0767,1.178346946,0.549277575,1.766968188,93837.05,0.885585269,0.503991379,2.418819645,272289.2533,1.005147141,0.692314201,1.730756616,64856.38667,1.828978119,0.452090858,1.829266295,218463.98,0.709414747,0.483898109,0.233068596,122409.1133,2.429815819,0.456291491,0.725307873,515453.73,1.172192537,0.454853166,0.541293706,298025.14,0.651727928,0.4746232,1.631129736,1024.42,6.506669302,34.54970178,13.32020937,540.5633333,19.33412954,43.85588215,40.19167637,589064.6133,0.410702127,0.445579218,0.521584303,402016.0033,0.590916568,0.476589042,1.776507363,515977.6667,0.6093092,0.424357871,1.031609932,352487.88,0.93209849,0.474558773,1.70928356,1254003.73,1.045289384,0.44424963,1.339265306,1612952.143,0.571789581,0.485630578,1.255472477,2254753.47,0.945777903,312863.5467,1.247835492,4525056.39,0.414093121,1615493.917,1.43649833,4622941.703,0.733983057,2160946.517,2.200611843,5875380.123,1.259450769,3847682.233,1.128762742,3629581.197,0.431068085,2414575.433,1.287163049
,FALSE,031SMPL.d,12/4/2023 15:35,Sample,,11172023_SRM1,1201,40,23276457.51,1.545181216,9.058182288,0.500404229,7662963.37,0.045068105,8.736553477,0.807543535,6479638.68,1.367486167,8.820483385,0.957064359,2935834.663,1.117970044,9.027832115,1.332574805,26359873.32,0.871908196,15.04221591,2.415347679,12941819.7,0.812001946,15.355122,1.330864598,16368667.88,0.775771967,35.56000129,1.190111692,6236077.42,0.365031136,33.19378361,1.598435186,7552504.793,0.751320387,17.0241152,1.907841876,2408399.513,1.208770123,16.51877092,1.693014889,10238141.74,0.567248688,22.31241783,0.512348848,5758444.287,1.394540938,24.44009419,1.993156644,25037429.46,0.974257765,22.80686257,0.586850551,14340016.49,0.390865748,24.73432049,0.437965517,15254133.28,1.093773225,1041863.364,0.397423898,7650396.323,1.462838241,1395662.307,1.63220054,9530257.983,0.108096171,7.762321967,0.960192151,6295753.137,1.25550208,7.756537364,1.509558636,8008935.853,1.510128293,7.387362411,1.424516467,5286599.903,0.445098007,7.371467508,0.762432595,19386637.35,0.445780055,7.39634314,0.580513786,24328536.9,0.819542943,7.507431136,0.370692216,2558843.087,1.868974422,351676.2767,0.80511465,5462190.96,0.621725631,1899363.95,1.238463699,4767551.18,0.826162526,2078933.53,0.593055758,5950279.423,0.598430437,3886639.803,1.311578509,3564832.76,0.848758367,2403849.217,0.47669039
,FALSE,032SMPL.d,12/4/2023 15:38,Sample,,11172023_SRM2,1202,40,19528286.56,1.423427671,7.830871893,2.220879488,6563537.21,1.320023836,7.68047315,0.681232593,5385007.42,1.085456116,7.554479876,1.564668505,2521474.59,0.971131831,7.955054129,0.395851835,21993230.16,0.911313709,12.94176879,1.775639957,10865430.05,1.254506279,13.23038753,1.029228868,14071870.54,1.371906597,31.53088291,1.810949942,5382347.42,0.380787713,29.36241546,2.064764814,6443482.787,0.907154182,14.9803505,1.347977551,2062928.927,1.717902373,14.51740404,2.366429404,8780488.617,0.65624388,19.23566498,0.928732667,4962462.13,1.12006781,21.06341286,2.051361997,21525003.83,1.259326695,19.70663953,1.144723487,12244774.87,0.979325286,21.12591814,1.731897658,13188789.89,0.21205824,905570.41,0.493976001,6645574.143,0.970513497,1212726.92,0.863719777,8106820.367,1.110033605,6.697556215,1.261125208,5422900.053,0.835057656,6.687314563,1.519817574,6845850.8,2.065230387,6.40198912,1.05087721,4531467.35,0.725034328,6.324161093,0.80413591,16741256.7,2.629207884,6.478286805,1.99443739,20696839.5,1.092619775,6.393545738,1.539400934,2480704.407,1.957772715,342629.06,0.66468721,5193561.833,0.47323601,1852888.117,2.004101865,4742509.513,0.295899748,2078410.673,1.723906858,5921232.063,1.9870251,3873856.26,1.466933407,3512529.427,1.166293693,2400858.403,0.710620242
,FALSE,033SMPL.d,12/4/2023 15:40,Sample,,11172023_SRM3,1203,40,19636148.37,0.789031239,7.859168748,2.451130141,6586699.177,0.682705107,7.712725782,1.077198953,5339081.08,1.296401321,7.476040259,3.085096129,2445352.53,1.008968518,7.719254263,1.390316625,21779425.32,0.517263565,12.79085608,2.200189531,10666221.16,0.453904569,12.99651108,1.371784682,13815151.33,0.56070302,30.89695967,2.406319185,5303902.1,0.337081457,28.80593527,0.985967643,6322918.373,0.803352367,14.67298517,2.643612544,2051796.567,0.83078191,14.44722743,1.64231802,8583955.11,1.161050435,18.63115402,1.025061787,4922017.573,1.414636407,20.71656874,2.425606109,21186224.85,0.525425123,19.21736547,0.745832603,12228038.55,1.23999928,20.91985887,1.835975882,13021445.05,1.268519681,885849.7526,1.456663913,6467364.27,1.312054863,1170524.74,2.640629019,8013600.507,1.642231691,6.574664222,1.933995345,5242451.277,1.478823417,6.580476394,0.91704788,6764389.9,1.093737708,6.283490569,2.784140492,4415782.92,1.871849371,6.273029572,0.454260647,16385363.23,0.416687778,6.29723529,1.461252231,20347430.51,1.042447586,6.398583559,0.572939608,2485680.12,1.85743567,342429.1867,1.019396588,5202058.64,0.872413383,1860705.163,1.285612727,4786721.807,0.867723911,2095911.463,1.39955506,5998047.063,0.955674917,3823812.72,0.451928989,3537020.4,1.690575147,2358482.64,1.605567872
,FALSE,034SMPL.d,12/4/2023 15:42,Sample,,11172023_SRM1,1201,40,19364030.01,1.205091106,7.829399328,2.345173027,6626441.157,0.315714683,7.655922475,1.104537495,5473913.567,0.348738839,7.744874137,2.289936366,2578553.673,0.497512274,8.032282204,1.219959917,22207626.22,0.757854721,13.17655189,1.951060114,11146784.62,0.803354382,13.40075599,1.22151111,13795295.64,1.574094099,31.16732032,2.281122589,5429581.527,1.339548693,29.21337902,0.668596068,6335882.17,0.976287188,14.85222115,1.712788342,2052375.717,0.332826176,14.25731504,0.865299438,8755368.603,1.681729918,19.05969774,2.020848601,4991777.643,2.067851937,20.6845629,0.063851673,21282112.2,0.788032539,19.36029833,0.374950768,12387938.34,0.688881283,20.87081142,1.596360724,12864025.66,0.143627227,877676.18,0.289119425,6605596.77,1.569859082,1177050.005,0.624084843,8064599.253,0.97689738,6.693295774,1.673496029,5399470.843,0.6119432,6.603478543,1.5374044,6779261.707,1.28569229,6.369181013,1.58964281,4502273.623,0.750471028,6.231339487,0.218292196,16643827.39,1.513117613,6.470648789,1.751681666,20816068.2,0.118306214,6.377361018,0.944664859,2460646.023,2.61100694,347053.9533,0.875827122,5172311.73,1.778440909,1878224.363,1.60144822,4772730.967,0.43089376,2128472.53,2.030898071,5949406.927,1.409739527,3898702.613,1.187652271,3496520.99,0.711673191,2420811.003,0.926554317
,FALSE,035SMPL.d,12/4/2023 15:44,Sample,,ECRD_1,1204,40,86199689.99,0.639946234,37.87120698,1.526079029,29253547.94,0.452683896,37.77059965,1.163792859,8959731.29,0.617145745,13.71658341,0.923166122,4166738.157,1.126824168,14.52956449,1.871088284,3743952.203,0.489605896,2.379731602,0.998418346,1885872.173,0.858235287,2.530037499,1.358110842,724922.3067,1.747580694,1.740158369,3.210509993,279185.45,0.634033825,1.609817265,1.821564971,77743.26667,1.808957988,0.192399484,2.900830241,10260.85,4.943712499,0.030559018,14.39316943,1908.756667,11.69736731,<0.0000000,N/A,1194.61,7.322187106,<0.0000000,N/A,6010.746667,4.088528775,<0.0000000,N/A,3427.26,4.375847723,<0.0000000,N/A,62179.04333,0.767435551,4288.513792,1.706630817,31330.58,2.311679393,5577.333062,1.750253762,507481.4133,0.196829703,0.375960923,2.475079477,350688.3433,0.801352776,0.408709916,2.051368804,424140.0933,0.369206653,0.336730818,2.897820501,296316.3367,1.075941991,0.39189023,2.759876075,1054169.517,0.865442401,0.365042849,2.165718376,1365297.713,0.690092071,0.404822871,2.352982527,2280070.697,1.471910528,310464.95,0.75577704,4741271.98,0.799603249,1669900.773,1.321633101,4681513.613,2.182415941,2111161.617,1.233932227,6033960.327,2.269982359,3865937.653,0.419230274,3668125.463,2.510978305,2441752.517,1.692943132
,FALSE,036SMPL.d,12/4/2023 15:46,Sample,,ECRD_2,1205,40,79770069.76,1.494984529,35.41502583,0.439295098,26912145.99,1.571143536,35.06352867,1.658713009,8403822.173,1.299241384,13.0008442,0.77593725,3878962.55,2.330371467,13.64634436,2.046441397,3483273.463,2.542594814,2.236553651,2.393487546,1753993.213,1.167096741,2.374115112,0.954679776,605731.2767,1.124774293,1.464836376,0.768018725,236142.92,0.638026379,1.351331671,1.159828169,71414.03333,0.817708634,0.17830853,1.236098729,9509.51,4.192745662,0.025354308,10.71819078,1258.006667,5.177556197,<0.0000000,N/A,917.6366667,8.260997555,<0.0000000,N/A,4675.576667,5.328372002,<0.0000000,N/A,2542.826667,4.917742979,<0.0000000,N/A,61233.56667,2.012788133,4220.764552,2.236036663,30210.35667,2.479566718,5438.313652,2.622581356,463166.74,0.358187969,0.334507894,1.753412943,319158.7933,1.691513036,0.359913732,3.429513793,389050.9333,0.598228031,0.299104965,2.030834675,265046.6167,1.666858437,0.338992694,3.327143219,955010.3667,1.178377984,0.322125788,2.134819551,1240142.877,0.360619139,0.356483744,1.731572885,2255850.52,1.859203919,307656.9067,0.567294256,4776206.007,1.186060415,1666512.11,0.801014739,4682757.81,0.540072135,2087328.9,0.123774813,6008573.593,1.447115416,3907028.933,1.114542412,3730729.667,1.928920401,2509744.043,1.594220312
,FALSE,037SMPL.d,12/4/2023 15:48,Sample,,ECRD_3,1206,40,77077395.51,1.484936068,34.70746121,3.136774057,25585970.28,0.58597174,33.54322021,0.393183718,7923061.427,2.1611346,12.42999037,3.626070896,3620092.543,0.918132287,12.81445473,1.299385064,3355107.41,1.641019436,2.184537122,3.343455914,1661231.697,0.732857714,2.262335077,0.377766185,585896.6767,0.568653994,1.436374529,2.273160646,225953.1033,0.203920383,1.298837471,0.502827643,69133.62333,1.515227479,0.174938579,1.272269126,8938.586667,2.849101917,0.021319879,10.78778754,1161.24,8.223769462,<0.0000000,N/A,774.1433333,5.83127092,<0.0000000,N/A,4495.323333,3.720059461,<0.0000000,N/A,2309.22,3.886115141,<0.0000000,N/A,62021.31667,0.649332196,4317.86138,1.238274397,30320.68,3.139055226,5374.166859,3.283706083,459846.3933,0.913237131,0.334926537,0.980163164,311113.6833,0.745475026,0.353710428,1.809852513,382685.73,0.38725677,0.296302823,0.447142589,260814.4033,1.001018249,0.336458126,1.40897445,948037.3567,1.344200133,0.322483685,1.462867413,1215421.383,0.288061227,0.352459065,1.399789082,2224701.233,1.642654857,305752.6033,0.77833344,4709837.083,0.604862291,1655034.35,0.271851743,4637328.927,0.681718217,2119781.903,0.81842393,6101605.19,2.179395448,3896426.61,0.462039209,3699007.097,0.774305631,2486845.623,1.371523335
,FALSE,038SMPL.d,12/4/2023 15:50,Sample,,ECRD_4,1207,40,86968199.3,1.118361013,39.82300934,1.468919333,29351771.15,0.633784034,38.6155087,0.772156572,8973256.067,0.904416059,14.3190004,1.040550025,4177100.337,1.019259518,14.8413234,0.653258739,3771308.833,0.877887957,2.499405861,1.733307547,1903112.223,0.79678824,2.601756632,1.195946686,648706.2267,0.725707211,1.620593521,1.06277571,250794.7767,1.293830591,1.429347546,0.745878253,78206.52333,2.063757202,0.20188951,2.173896778,11269.29333,3.661356456,0.040064423,7.732569699,1204.613333,12.99076977,<0.0000000,N/A,804.1766667,7.905232864,<0.0000000,N/A,4612.156667,2.535380615,<0.0000000,N/A,2522.813333,1.587711705,<0.0000000,N/A,65118.56,1.155369205,4593.989072,2.146120274,33738.65,0.801928335,6055.009922,0.769715434,515114.13,0.803079681,0.381244083,0.499218885,356653.2133,0.705497737,0.404089941,0.564739608,432913.2933,1.071299629,0.34389498,1.314257486,294867.36,0.890169658,0.378761623,1.185403965,1078309.627,0.065907153,0.37329783,0.497266784,1380542.86,0.322967388,0.397942039,0.356996448,2187670.297,0.850166047,304677.29,0.404207868,4706165.07,1.563565233,1678615.443,0.873554984,4579079.513,1.142571001,2095659.607,0.728498158,5959743.8,0.271179711,3910822.267,0.592714727,3673696.37,0.434205865,2509967.097,0.357194295
,FALSE,039SMPL.d,12/4/2023 15:52,Sample,,ECRD_5,1208,40,92439002.41,1.190722399,41.59339909,0.191815423,31302101,0.403872845,40.9290104,1.362011287,9578137.697,1.207384519,15.02149272,1.311844358,4347155.597,1.584837013,15.35012149,0.370743949,4419462.323,1.669709007,2.880859307,0.764839855,2259777.533,1.117863376,3.071435835,1.946307303,743226.09,0.355536959,1.828218694,1.418331374,286992.5067,1.055569085,1.650879508,0.552359143,76760.39667,1.455945928,0.194584599,2.402415813,11349.44333,4.418412792,0.040173278,11.83218513,1538.323333,9.483197393,<0.0000000,N/A,884.26,10.51889582,<0.0000000,N/A,5209.626667,3.172383846,<0.0000000,N/A,2746.41,5.90447327,<0.0000000,N/A,69229.45,2.551672997,4896.469388,1.860194913,35016.59667,3.617724452,6242.632774,3.471585781,598762.4933,0.453252015,0.441410117,2.039833757,401715.2867,1.151321669,0.464480082,1.717065968,498511.53,0.562241432,0.397146668,2.510866641,337102.2633,0.753780433,0.442012288,1.362666016,1235337.987,0.847668459,0.425631581,1.428763513,1575243.42,0.400508528,0.462515866,0.820870763,2226350.33,1.114256709,306595.33,1.627050704,4806957.5,1.392448321,1675818.41,1.475227145,4568637.12,0.715590658,2110539.14,2.568567805,6077583.73,0.727323472,3836150.5,1.603662185,3723098.52,2.09972932,2473248.627,1.206876662
,FALSE,040SMPL.d,12/4/2023 15:55,Sample,,ECRD_6,1209,40,84591742.93,0.945828245,37.37598941,1.916780697,28598107.31,0.721830566,37.52048055,0.48766319,8786787.833,0.732175287,13.52826417,1.639084951,4049400.717,0.220438921,14.34773108,0.345372856,3698177.423,0.932149681,2.36391041,1.55772742,1856430.493,1.588883813,2.53081975,1.737192222,647563.7067,0.823026895,1.559985397,0.919804694,252565.88,0.450053374,1.440836595,2.493200309,73664.19667,0.949598732,0.183124788,1.975869214,10270.86,3.023960843,0.031914092,7.077361218,1298.056667,13.82572993,<0.0000000,N/A,714.0833333,7.72130202,<0.0000000,N/A,4618.813333,4.631252304,<0.0000000,N/A,2542.836667,13.05241403,<0.0000000,N/A,63325.15,0.411017733,4400.400802,0.590745495,31310.58,1.236396357,5717.333742,0.417434026,538598.6467,0.421866885,0.385145987,0.59645052,364760.9167,1.229637208,0.418115225,0.459291348,455016.8967,0.645148285,0.349684624,1.500587816,307553.6067,1.254226311,0.399965862,0.680656025,1116993.49,0.762887519,0.373379913,1.669209655,1424779.6,0.622549808,0.415383234,0.290684179,2267118.367,1.08193813,305512.8533,0.320902598,4718070.453,0.933047875,1678277.857,1.958972655,4646591.633,0.559439825,2058748.753,1.623046124,6045558.59,1.562981896,3913325.88,1.281194924,3804969.593,0.790021689,2484362.05,0.802980947
,FALSE,041SMPL.d,12/4/2023 15:57,Sample,,ECRD_7,1210,40,89516443.29,0.520524086,39.95746233,1.514393938,30260862.3,0.665033406,39.70028692,1.174229881,9336071.993,0.262725669,14.52296009,0.76406705,4305166.16,0.439023274,15.25499625,1.279144081,3694676.423,1.697211042,2.386077583,2.706905114,1895025.243,0.376009878,2.583378433,1.0396915,621585.5133,0.815143327,1.511855042,1.82577574,241738.5933,0.519457566,1.380433772,1.456155783,65576.89,2.217594445,0.164245339,3.006736029,8891.823333,4.279035426,0.020972738,10.6001171,1097.83,10.0440327,<0.0000000,N/A,760.7966667,9.934210305,<0.0000000,N/A,4291.703333,0.356815114,<0.0000000,N/A,2285.863333,3.228866265,<0.0000000,N/A,60496.42667,2.698002781,4240.391718,1.228718905,30256.98,1.265873032,5363.198627,2.302464289,448480.16,0.716363454,0.318076888,2.356945243,308216.3033,1.023551397,0.346981253,1.283309659,374998.2867,0.497287103,0.281984632,3.615500556,257806.2933,1.542719426,0.329315512,1.678609248,931069.3533,1.016112844,0.308517048,1.913127551,1200523.973,0.421747547,0.344862462,1.928083802,2244313.75,1.003530764,305556.22,1.401886709,4644991.357,0.515646609,1672324.317,1.872541083,4604489.93,1.606768108,2119856.95,1.133872136,5960502.483,1.422244038,3873353.623,0.334399988,3784966.957,2.702900659,2509231.733,2.198437505
,FALSE,042SMPL.d,12/4/2023 15:59,Sample,,ECRD_8,1211,40,102202896,1.064325542,46.12562428,0.586550785,34232233.94,0.090581023,45.36065305,0.095601054,10727883.86,0.913589928,16.87858529,0.850133122,4912353.167,0.538964234,17.58457862,0.448465148,4312784.143,2.352015177,2.819134932,2.538545676,2151826.177,0.490277968,2.963678775,0.437465992,619317.8467,0.182184915,1.522916181,0.776161729,235744.8,0.449266913,1.354691165,2.446632453,71776.00333,1.472003315,0.182171144,1.284177099,10601.38667,5.432682989,0.035371554,12.90407451,1288.046667,4.420221129,<0.0000000,N/A,804.1766667,6.855555932,<0.0000000,N/A,4672.206667,9.431047989,<0.0000000,N/A,2489.45,3.906261982,<0.0000000,N/A,65477.22,0.452231065,4571.797405,0.922122416,32594.95667,1.000990204,5921.297522,1.565243357,487797.76,0.830558321,0.35479798,1.630715036,327862.3233,1.03147331,0.376572576,1.916886057,406007.72,0.862407218,0.315122913,1.292961399,274009.8967,0.975791367,0.357038222,2.333780928,1006255.203,1.121696645,0.341891558,1.749614911,1271681.37,0.83087102,0.372070481,2.011337753,2219994.533,0.635397226,302492.1333,0.164632573,4730832.117,1.411610155,1660261.68,2.078838312,4625937.117,0.636319725,2070082.703,0.992968672,6045681.923,0.423151173,3888479.56,1.475984887,3720029.283,1.017743968,2468718.783,1.275304756
,FALSE,043SMPL.d,12/4/2023 16:01,Sample,,ECRD_9,1212,40,101364605.2,0.433464055,45.77914976,2.146222985,34443307.51,0.467010333,45.26657184,0.73918453,10582639.35,0.759890134,16.66115356,2.379780099,4907259.48,0.369370438,17.42204866,0.135896906,4159493.983,0.355768305,2.719932366,2.015806712,2120932.053,0.651125189,2.897086101,0.846085279,638529.4233,0.161313952,1.572009895,1.582880669,246968,0.645186147,1.402997399,1.026190225,67082.14,1.462799686,0.17011808,3.250916441,10053.77667,2.418528703,0.030334923,6.458149608,1224.646667,15.77424768,<0.0000000,N/A,837.5466667,11.2975334,<0.0000000,N/A,4879.193333,5.651824666,<0.0000000,N/A,2472.756667,7.693331566,<0.0000000,N/A,70040.53,1.495240349,4936.243501,1.25394839,35846.14667,1.021758184,6455.534046,1.266317204,511188.3167,0.828089435,0.368582861,1.540189971,347486.7733,1.587184541,0.396366183,2.972050353,427641.7333,0.971597136,0.330078087,1.984787879,291523.9033,1.286995982,0.377215318,2.486002643,1062814.87,0.750922601,0.358214788,0.840289739,1355459.47,1.087788423,0.393542031,2.437060338,2218996.53,1.716419057,304993.7067,0.276454902,4724813.577,0.116279745,1682387.787,0.99982583,4585632.677,0.946405974,2089511.66,0.234374541,6008431.23,1.187765616,3898712.13,2.643680807,3762599.283,0.885626506,2491688.693,1.297315258
,FALSE,044SMPL.d,12/4/2023 16:03,Sample,,ECRD_10,1301,40,121632263,1.061507151,55.0426169,2.085519687,41466374.91,0.848712228,54.42211895,0.778864797,12766633.16,1.926500395,20.14394765,2.275365282,5974932.583,0.234156481,21.18960587,0.331782186,5149542.017,0.905402542,3.378987829,3.244213206,2614304.913,1.005518903,3.56747514,1.172546172,755444.4233,1.318467255,1.868847027,3.084482798,292995.5833,0.403211257,1.674771495,0.565220391,78008.83667,2.399074012,0.198899519,3.927371017,11656.69333,3.500356023,0.04292145,7.229832136,1605.06,8.959633181,<0.0000000,N/A,910.9633333,14.28597567,<0.0000000,N/A,6865.393333,1.904032652,<0.0000000,N/A,3781.046667,1.458762871,<0.0000000,N/A,126273.1367,1.576589542,8917.429272,1.018794354,63985.68,1.454756819,11577.71286,1.11138881,595074.83,1.31700491,0.43453571,0.811504659,405847.0833,0.933369064,0.461631293,0.670408077,494460.06,1.22712151,0.389762425,0.576612642,340600.63,0.45245493,0.439369675,0.978957137,1238294.533,0.628929447,0.422890795,1.060799065,1583644.57,0.530346386,0.457432962,0.278075893,2215415.21,2.829150289,305402.6633,0.177808019,4779507.533,1.61588345,1687597.353,0.652156672,4591752.43,1.066522106,2086818.077,0.550820894,6060077.62,0.875862433,3958580.36,1.265382602,3754442.757,1.611872102,2513284.427,0.541670192
,FALSE,045SMPL.d,12/4/2023 16:05,Sample,,ECRD_11,1302,40,101394085.5,0.816659792,46.3939604,0.98842169,34533964,0.836435979,45.3003754,0.266979305,10446774.95,0.620678678,16.66236853,0.510041384,4954284.37,0.706776892,17.55646979,0.162252496,4326170.757,0.501245297,2.867282538,1.215535532,2195290.71,0.723535794,2.993212448,0.129105709,688128.6633,0.258597747,1.719167704,1.15405361,267864.76,0.340884757,1.542907282,0.825820803,74626.81,0.992746203,0.192277594,2.088426673,10855.22667,1.535449495,0.036537973,4.93283419,1354.793333,12.59038077,<0.0000000,N/A,834.21,5.411438924,<0.0000000,N/A,4805.74,3.662461631,<0.0000000,N/A,2699.686667,4.424642236,<0.0000000,N/A,69447.30667,1.313918993,4855.196434,2.477244394,34919.56667,2.164707668,6245.162295,1.928304299,537909.2467,0.322563034,0.390030022,0.88697576,367590.9367,0.175901268,0.42095971,1.862867514,450428.2367,0.461543267,0.350815591,0.354406811,306101.44,0.381272583,0.397506068,2.12107145,1114185.293,0.21680341,0.377596595,0.533959316,1422861.457,0.556739921,0.414266941,1.736242928,2189850.26,1.127979334,305565.1433,0.851823996,4723726.7,1.527462011,1667849.543,0.494913072,4622950.833,1.157237292,2103534.63,1.407009464,5997373.73,0.252254563,3936882.44,0.538279428,3755651.507,0.621792969,2488028.75,1.92822738
,FALSE,046SMPL.d,12/4/2023 16:07,Sample,,ECRD_12,1303,40,111148142.6,1.000123625,51.04076956,1.161744176,37621155.66,0.603238132,49.23750344,0.55530892,11545600.92,1.012145781,18.48526254,1.384598332,5330591.603,0.678091881,18.84896062,0.882962891,4654830.917,0.649077393,3.097575187,1.583577801,2365084.74,1.138777524,3.217665383,0.48366414,715294.9867,0.811336456,1.794549419,1.702864334,275547.5067,1.247293032,1.577507155,1.651167051,72406.56333,2.756890822,0.18705409,2.288813787,11149.1,1.072190825,0.038657089,2.733945383,1424.86,2.925238818,<0.0000000,N/A,907.6233333,9.947426011,<0.0000000,N/A,5162.903333,5.652440028,<0.0000000,N/A,2816.496667,5.347795693,<0.0000000,N/A,71865.03,1.7954055,4966.688255,1.541660153,36090.28333,3.718487145,6456.525499,4.427624285,603784.21,0.418709748,0.433439278,1.418510017,407692.1033,1.225415349,0.46429192,1.374729023,507438.1333,0.73022544,0.393678435,0.693394553,342826.4033,0.96907235,0.442786993,1.176837207,1254186.2,0.648964871,0.421010632,1.813008332,1587997.19,0.90321831,0.459190843,1.224169715,2182241.633,0.943967001,306267.15,0.807170236,4772558.61,0.886789486,1680043.08,1.037014897,4676389.13,0.823237136,2104034.027,1.878739766,6206936.367,1.163306911,3909342.89,1.324288234,3818707.617,1.345597847,2511138.02,1.989301742
,FALSE,047BLKV.d,12/4/2023 16:42,BlkVrfy,,blank 11,4303,1,29480.00667,0.810155449,<0.0000000,N/A,2432.69,5.140452794,0.000147604,2.710066202,817.5233333,20.2073708,<0.0000000,N/A,343.69,13.45313992,<0.0000000,N/A,3614.136667,5.131034501,<0.0000000,N/A,1842,4.738518484,<0.0000000,N/A,6341.246667,1.612594036,<0.0000000,N/A,2202.416667,9.492124088,<0.0000000,N/A,627.3233333,8.031354665,<0.0000000,N/A,30.03,57.73502692,<0.0000000,N/A,50.05,52.91502622,<0.0000000,N/A,23.35666667,49.48716593,<0.0000000,N/A,83.41666667,49.95998399,<0.0000000,N/A,56.72333333,20.37706832,<0.0000000,N/A,360.3733333,20.97245658,<0.0000000,N/A,183.5233333,39.46085849,<0.0000000,N/A,340.0066667,2.59289663,<0.0000000,N/A,250.2566667,28.00153747,<0.0000000,N/A,320.0033333,1.804200797,<0.0000000,N/A,163.5033333,12.74780199,<0.0000000,N/A,717.8033333,0.967278498,<0.0000000,N/A,897.5966667,5.722907823,<0.0000000,N/A,2313973.263,2.743611449,307984.3767,0.250154536,4436523.337,0.353372634,1583041.573,1.037335877,4470470.347,0.966262946,2100089.767,0.73110254,5452518.253,1.055390247,3626673.213,0.331157245,3326125.437,0.903812084,2308652.637,2.780563611
,FALSE,048SMPL.d,12/4/2023 16:44,Sample,,ECRD_9,1212,40,100447009.3,1.599994718,43.9377798,1.546269388,32454087.94,0.417341366,42.32546149,0.486115153,10520716.29,1.109296689,16.04188295,1.402115453,4659583.9,2.081576358,16.41488747,2.171035532,4170385.913,0.591377121,2.641042022,1.391978804,2035521.307,1.779805353,2.75881098,1.682916235,619596.7167,0.45492455,1.47595284,1.312114029,234245.0933,0.883146334,1.352648932,0.326980222,73664.32333,2.170947827,0.181218253,2.842367852,9813.396667,1.159724992,0.027833026,3.794504843,1264.683333,8.464401679,<0.0000000,N/A,804.1766667,17.4425293,<0.0000000,N/A,4652.2,5.950259532,<0.0000000,N/A,2582.886667,2.15810495,<0.0000000,N/A,66684.48667,0.679808418,4759.259215,0.210328391,32912.52667,3.251218637,6026.351363,3.19692391,459214.2433,0.798300782,0.355159959,1.307972709,318198.09,0.743612908,0.378973035,1.700148807,384927.1767,0.430927175,0.318037938,0.994748264,267934.96,0.549583202,0.362156626,2.562390229,950028.26,0.278089681,0.343304837,0.607656198,1237218.903,0.50245529,0.375334031,1.610304523,2290439.603,1.129051869,307352.0333,0.737619748,4757293.99,0.893595998,1651548.673,1.052927125,4526968.547,0.698614905,2053924.66,0.366238058,5756326.373,0.365743183,3733038.243,1.288171893,3498581.233,0.704362108,2381623.3,2.003503866
,FALSE,049SMPL.d,12/4/2023 16:46,Sample,,CWW-TM-G_1:5,1101,1,512439.3367,0.826663338,0.004379981,6.005422789,163694.3467,1.672588268,0.005676201,1.74422114,1289752.987,0.713186385,0.052583481,4.212695806,575585.0967,0.219282402,0.052725923,0.524163169,317197.3133,0.920680828,0.005008255,4.175392252,150861.64,0.643087204,0.005246894,0.46741863,91466.80667,0.420145659,0.005342304,3.618162466,34814.19,1.055076268,0.003657873,3.589357492,822909.98,0.163945632,0.056490145,3.490985151,262363.51,0.554627273,0.053012564,0.598869249,873893.2233,0.730605879,0.053962935,3.854415871,490682.5433,0.320437065,0.051735749,0.528272862,2155622.16,1.293247053,0.055135722,4.428506862,1182752.123,1.00366818,0.051206921,0.609880927,540.5633333,8.486894202,0.107332458,56.3055313,290.3,24.86501431,0.066825422,489.968267,230554.6733,0.991080562,0.004512527,7.45130342,161834.9967,0.349145434,0.004586459,1.750608865,203324.3633,0.603460228,0.004049285,6.240931451,141202.02,1.201069479,0.004568312,1.609462483,497366.4,0.883682805,0.004565177,7.085900281,644815.41,0.531010896,0.004747995,1.54496573,2098334.57,3.493831062,292498.41,0.340096637,4108737.923,4.129757401,1527138.933,2.190484764,4197159.347,3.241458494,2051804.427,0.681478819,5310941.653,4.127825492,3697627.447,0.863851277,3240260.16,5.31236223,2388522.777,1.26203912
,FALSE,050SMPL.d,12/4/2023 16:49,Sample,,CWW-TM-F,1102,1,94386723.4,0.909296004,1.050279381,0.614463548,30614521.57,0.767440366,1.039354396,0.544323787,26578043.36,0.58038925,1.033024887,0.349998678,11495496.45,1.430698509,1.055145113,1.160445795,63856984.32,0.53490514,1.036345954,0.217890744,29832517.09,0.784186378,1.054481066,0.590371442,16707406.19,0.491925956,1.031625345,0.817920195,6186037.8,1.81586849,1.007058299,2.75701297,82518.08667,1.253269206,0.005179118,1.488280748,25645.91333,1.816741207,0.004019485,2.167951982,87005.50333,1.01396457,0.004790285,1.256528042,48892.29333,0.911961645,0.004160019,0.163537303,206870.7867,0.175942417,0.004196374,1.926999114,117765.7467,1.739002341,0.004642494,1.077302145,3383.866667,6.366816873,5.114791504,5.865818199,1721.87,4.06999367,6.69091626,5.522695698,48450473.17,1.898984629,1.018379649,3.376313782,32572823.55,1.444163189,1.005339233,2.506281326,42570967.42,0.614259833,1.0155267,2.17850283,28598592.59,0.253457608,0.998799864,0.98973229,102722055.1,0.132898089,1.011416121,1.879195113,130364935.6,0.199525716,1.007069564,1.382416597,2250676.687,0.33125836,295162.2567,0.2749856,4353292.607,0.53227529,1553472.7,1.886319537,4547567.78,1.481027048,2050216.64,0.783162934,5648140.54,0.173332001,3640386.053,1.02419069,3464336.023,1.73134111,2403690.52,1.242515337
,FALSE,051SMPL.d,12/4/2023 16:51,Sample,,CWW-TM-G,1103,1,2417315.563,0.253939944,0.025507486,0.664407439,776186.64,0.172457971,0.026997565,0.495347986,6506230.533,1.009425267,0.254874155,1.369050107,2834951.647,1.02904823,0.265468755,0.623242885,1588307.98,0.949659176,0.025571309,0.736406865,720268.5767,0.706249083,0.025888282,1.269794323,427937.18,0.886674305,0.026028208,1.170095715,161255.2933,1.035540038,0.024826285,1.082015422,4042178.807,0.34068618,0.261916408,0.555957572,1257712.757,0.482186664,0.262140286,1.061473125,4345208.703,0.785024701,0.257981379,0.877347125,2401163.84,1.354348776,0.259445244,0.661718887,10237011.55,0.934023645,0.253720999,0.787605227,5919157.333,0.249870899,0.260320326,1.885142305,770.81,0,0.49469362,1.867915192,323.67,17.03461108,0.230212531,98.25728839,1116052.933,1.313536879,0.022881905,1.465769338,789401.41,0.825382873,0.024223536,2.189744448,984526.14,0.901920198,0.02245528,1.110844414,698758.6067,1.5464841,0.024310562,2.448123401,2671065.22,0.435936312,0.025737429,0.347599979,3215027.253,1.578486282,0.024874499,2.521888224,2224595.09,0.39954605,288817.9867,0.606381337,4308289.243,0.708838867,1516232.667,0.499041168,4373391.183,0.644817737,2036541.52,2.012692528,5554027.973,1.466637715,3662027.03,0.753363809,3449904.29,0.263211936,2375418.14,1.551115494
,FALSE,052_DCK.d,12/4/2023 16:52,DriftChk,,0.01 ppm,4105,1,24435.62,8.596802414,<0.0000000,N/A,3263.703333,16.3292199,0.000172739,7.221981512,2012.196667,22.41124796,<0.0000000,N/A,957.6766667,13.48205554,<0.0000000,N/A,6561.626667,18.03376257,<0.0000000,N/A,4061.386667,3.463711266,1.05E-06,1021.512854,20165.18,16.87928181,0.000505533,27.16701113,10424.46667,2.996531971,<0.0000000,N/A,1074.473333,33.14263873,<0.0000000,N/A,150.1533333,30.55273313,<0.0000000,N/A,390.4066667,80.72022329,<0.0000000,N/A,266.9433333,22.60307988,<0.0000000,N/A,991.0633333,72.56795876,<0.0000000,N/A,684.05,11.36726673,<0.0000000,N/A,784.16,22.4163773,0.445183837,52.85309806,463.8166667,12.64578262,0.723364189,22.49745755,3909.51,9.746835115,<0.0000000,N/A,2846.56,7.914586665,<0.0000000,N/A,3259.33,7.36399565,<0.0000000,N/A,2522.833333,8.33357242,<0.0000000,N/A,8363.853333,5.750102215,<0.0000000,N/A,11246.73333,5.283249864,<0.0000000,N/A,2271173.907,5.878589906,312598.4333,4.491135266,4447564.277,5.162864503,1625507.477,4.11325348,4578074.933,5.925695215,2198199.967,5.844946433,5695737.347,5.707761893,3925749.007,4.662835275,3474700.017,5.606124074,2540163.853,4.924431924
,FALSE,053BLKV.d,12/4/2023 16:54,BlkVrfy,,blank 13,4302,1,25495.25667,0.898009697,<0.0000000,N/A,1898.733333,7.647128848,0.000134434,3.686402287,797.5033333,12.57382555,<0.0000000,N/A,357.0366667,12.64362999,<0.0000000,N/A,4298.37,11.36542388,<0.0000000,N/A,2002.176667,0.499456508,<0.0000000,N/A,5406.546667,1.215056074,<0.0000000,N/A,2005.523333,8.070266388,<0.0000000,N/A,583.9433333,18.33045333,<0.0000000,N/A,83.41666667,56.70978752,<0.0000000,N/A,200.21,22.91173403,<0.0000000,N/A,120.12,14.43375673,<0.0000000,N/A,430.4466667,16.11214737,<0.0000000,N/A,263.6066667,9.556389911,<0.0000000,N/A,370.3866667,23.40659754,<0.0000000,N/A,193.5333333,16.62748315,<0.0000000,N/A,2309.116667,7.955996294,<0.0000000,N/A,1558.36,12.7571263,<0.0000000,N/A,2050.18,2.187775811,<0.0000000,N/A,1311.413333,13.74128167,<0.0000000,N/A,4772.02,1.91674656,<0.0000000,N/A,6090.133333,6.611431059,<0.0000000,N/A,2194840.11,0.911863197,288361.6833,0.91838098,4297758.753,0.551807957,1518314.077,1.422483324,4378607.85,0.703746091,2044047.883,1.739480414,5487265.197,0.364311993,3635198.66,1.019902039,3373047.07,0.812062949,2364298.243,0.137532873
,FALSE,054BLKV.d,12/4/2023 16:57,BlkVrfy,,blank 14,4301,1,24014.40333,1.615535558,<0.0000000,N/A,1681.81,6.761103448,0.000126816,3.162539736,677.3733333,9.030755582,<0.0000000,N/A,347.0266667,16.40359198,<0.0000000,N/A,3557.403333,10.54006084,<0.0000000,N/A,1791.94,5.028907241,<0.0000000,N/A,5129.51,4.963158851,<0.0000000,N/A,1928.766667,5.199272558,<0.0000000,N/A,687.3833333,6.062840236,<0.0000000,N/A,83.41666667,18.33030278,<0.0000000,N/A,216.8933333,25.41838439,<0.0000000,N/A,163.5033333,21.50074804,<0.0000000,N/A,513.87,16.5683417,<0.0000000,N/A,300.31,18.55859654,<0.0000000,N/A,357.0366667,27.23159077,<0.0000000,N/A,176.8466667,21.43267499,<0.0000000,N/A,1594.553333,6.599121452,<0.0000000,N/A,1017.746667,5.929046039,<0.0000000,N/A,1426.753333,3.672403644,<0.0000000,N/A,974.37,3.302990782,<0.0000000,N/A,3460.49,1.338355706,<0.0000000,N/A,4361.42,0.265084312,<0.0000000,N/A,2176126.443,1.158267822,288791.0133,0.182453005,4190256.187,1.487787464,1516402.963,2.264902886,4332985.32,0.880630064,2068558.17,0.472445303,5527607.35,1.337847689,3607232.27,0.851541121,3379132.97,0.879125324,2365283.143,0.557498419
,FALSE,055BLKV.d,12/4/2023 16:59,BlkVrfy,,blank 15,4303,1,24873.3,2.705351865,<0.0000000,N/A,1671.806667,6.077744729,0.000126085,2.293078516,633.9966667,3.973409045,<0.0000000,N/A,337.0133333,14.0366596,<0.0000000,N/A,3490.68,1.293109959,<0.0000000,N/A,1678.476667,4.783970559,<0.0000000,N/A,6157.603333,1.490802853,<0.0000000,N/A,2102.303333,5.773630856,<0.0000000,N/A,440.46,7.872600728,<0.0000000,N/A,20.02,50,<0.0000000,N/A,70.07,24.74358297,<0.0000000,N/A,46.71333333,24.74358297,<0.0000000,N/A,193.53,23.3259777,<0.0000000,N/A,110.11,41.65977905,<0.0000000,N/A,253.5966667,15.95247047,<0.0000000,N/A,196.8666667,14.68108084,<0.0000000,N/A,1080.053333,7.219247146,<0.0000000,N/A,750.7866667,10.91400294,<0.0000000,N/A,940.04,2.325666533,<0.0000000,N/A,613.98,10.35455961,<0.0000000,N/A,2324.666667,3.74073747,<0.0000000,N/A,2976.513333,5.213929345,<0.0000000,N/A,2184166.807,1.921586945,290599.26,1.048367122,4226491.017,0.737471347,1532728.657,0.445295807,4413207.227,1.300860515,2046540.353,0.77439375,5516104.017,0.739681725,3706816.857,1.797232958,3333493.737,1.934602013,2379166.007,1.701497567
